Input,Output
0.18294124451243887,0.0
0.30722031870113914,0.0
0.31067543940920656,0.0
0.03220277193843535,0.0
0.24894550807144578,0.0
0.061441672076578524,0.0
0.014795319724168088,0.0
0.3395641855555137,0.0
0.17946202064915256,0.0
0.4295082923401114,0.0
0.17554464556468546,0.0
0.49756104124707135,0.18089632293499178
0.3301194923697722,0.3877750635465719
0.46337453825510133,0.2433044923032956
0.10083989277336597,0.35590173141843395
0.08291362845226052,0.2368466600393667
0.37829052167024335,0.18952931105963366
0.09898630381686507,0.36464755180530883
0.18203868808063345,0.27175611381175757
0.1822320865421213,0.32911726046298984
0.2938343521636836,0.2888432773663555
0.05783256217264743,0.44709397738053347
0.2615858854863888,0.332396438490259
0.41719767402126534,0.4323845849393102
0.3882369034689558,0.36305106027238543
0.3241519276126312,0.31629916756712306
0.3882695194198841,0.43156991707551495
0.16370966947466137,0.3643107402252349
0.020973249135192773,0.31914920556970516
0.04061677685308446,0.25931103704413117
0.40782999468989994,0.24178009704020711
0.13526306800234877,0.2503131349367351
0.24610125659188592,0.26960220458011885
0.31017546728444095,0.3786702822002853
0.3270851393595286,0.45470814945751925
0.10513807267547098,0.4701524076298803
0.14298715049180033,0.38313462515901897
0.42610909949152675,0.3150159584259563
0.39454155143815317,0.26054672686158314
0.413604309315716,0.24497332902095828
0.42973038476973546,0.4665519915927291
0.27729738778384505,0.4086544799248858
0.44603232450441,0.39958171287793476
0.20581189448267434,0.5029576362634827
0.08359010386747073,0.4500989019205308
0.26801720642493587,0.33601924313872805
0.14587609653613504,0.32158850421250484
0.3822015467221377,0.3493054141260429
0.25039200828655267,0.4963081777843852
0.1451540761757461,0.5029043170475048
0.3716085125881304,0.45090106971281985
0.18008851765685557,0.4849416634200229
0.35170562580567033,0.4701021336456013
0.4764336282635295,0.45221121907149686
0.1415811333901359,0.3929516369600917
0.04826474847892748,0.35844910213087977
0.37215014692714493,0.2947978125580477
0.21139724800444953,0.464480762609236
0.4979153108692439,0.4201862118616696
0.2920257787631409,0.424637923888212
0.12296666198489387,0.4796342569557325
0.416937834569982,0.37884744697677397
0.13022785863640146,0.5119646135963335
0.09992451682440995,0.45361030961821036
0.25144906196371436,0.35209880943696936
0.4515936337481767,0.29669552618768236
0.3674999646225047,0.5015803093553217
0.3811853971469677,0.47443870023044266
0.45816172029613383,0.6288834109398836
0.46983334290190293,0.6309315331678201
0.22509050747410325,0.5244831064266006
0.34104056352574996,0.5227754628838401
0.398650982028598,0.45146575480726436
0.06582180585144926,0.4043783924349227
0.06777400132934397,0.3429425131158762
0.03324489298604122,0.33073103623596745
0.4639003001249719,0.2971295346115356
0.08251989554696898,0.5228479041563264
0.484058368150124,0.4352994151293177
0.1311050795933278,0.6688666968986511
0.158182687120051,0.4954515409568383
0.296953595229125,0.44033572767315843
0.48967111487150844,0.5063135321537412
0.03875297995580279,0.41275098293892953
0.02713266656329527,0.3196571345801933
0.2707532525319774,0.2680443762321445
0.4744107980564921,0.4273405121388172
0.06184887927697491,0.3830101924976711
0.30363457788031056,0.34325087221220885
0.4299695134207128,0.3358859335799296
0.4498054103598059,0.368822239425342
0.3987701671272537,0.48117969209892686
0.41771540043819155,0.6297902571896122
0.15960049553494193,0.43822358490432345
0.17033391223368183,0.32550230439583283
0.21889728723712326,0.33194593162462427
0.05646179114639649,0.42282184055011796
0.034937034270804135,0.31792668444279204
0.2245787261867883,0.2748015512622263
0.35314874887649966,0.38123938466358553
0.38723517345301384,0.5283631157008991
0.4286404338321477,0.5992900736897846
0.3682782762414756,0.6757078736938121
0.21164855137293814,0.5360145043053675
0.48210744303200814,0.4326327617519671
0.42806567002738627,0.4854463049929131
0.3152629573498938,0.3948572031088562
0.28368128916768887,0.3263146784221649
0.29686922051117387,0.3690755783260967
0.05747113251369257,0.4552480047582744
0.20149648503630235,0.3792833398491815
0.17315138568514188,0.4315960870618697
0.26347913533840667,0.42194147452217656
0.2962476871933795,0.3995213728057956
0.11857702258583669,0.5159115495607263
0.21174675350535477,0.4387163575284314
0.1840337966261109,0.42239778262752214
0.21785209037711067,0.3928886220718326
0.32284202648878374,0.3979057199429493
0.229839440871708,0.33186546647803256
0.192247037411987,0.3375912653411377
0.02279862770344432,0.32025222118185215
0.11534823936083166,0.2688001590399547
0.36277040088430457,0.2833169827766646
0.14276162701180622,0.3020697332488479
0.440675200164555,0.2887637203161694
0.1864819338046459,0.35658584017917083
0.12599927715243325,0.3263947568565495
0.44563205863825084,0.31137944608358403
0.011970253406435538,0.3957340500276807
0.05203555175518859,0.28530923867492164
0.34776293786615226,0.23214594689500456
0.05565606373524834,0.2652226070540028
0.4819687383595614,0.2502579750336055
0.3933379265415593,0.315999520899749
0.11514671729689668,0.5026403190175449
0.22155153026902158,0.36447096410045277
0.2190737219576429,0.3104327072207514
0.3281981229644514,0.3897598706902665
0.3509196049435827,0.2873645955567401
0.20375031735975824,0.25962993629180464
0.3497192924301615,0.32542841035252335
0.25407505324059637,0.28005170512039246
0.11731576950388445,0.413712860128965
0.23465552251438393,0.36468590742131124
0.4549428718056862,0.3137222896051962
0.2580988656869028,0.3972160404171339
0.3585397867916058,0.3703537170418326
0.2394521219841717,0.4506100272640129
0.3914391373900141,0.4392437421334624
0.4519907613251413,0.4307926167823366
0.4104894991607539,0.5478877263048294
0.1075106663038346,0.5306133084437855
0.43143614073425945,0.391092849668515
0.21594042548059122,0.45202389732719395
0.07045735558084082,0.48068554168939215
0.22114341141282035,0.3794094969637134
0.11634726325879602,0.41760540447726613
0.30355112194933703,0.3614491024358518
0.41214578883213177,0.46674291549798363
0.4758828127230057,0.6234960716990963
0.3653620612835304,0.7250603760177049
0.11980302734227422,0.5514746535453382
0.05216991626858053,0.47667957094138713
0.43953503422142604,0.37751405694189033
0.09825117378009207,0.351445059261584
0.31455343155567417,0.32115707964232165
0.1647603627023469,0.32627558882744734
0.08590452186470326,0.3476406936928879
0.31639209860797257,0.336792189722147
0.10031171713765968,0.5016123618413034
0.2578443818593912,0.4136980625301635
0.2578500588022156,0.35327356166552704
0.3266569713892797,0.2933896096301245
0.08416209871846347,0.4565272259550134
0.08809633302463238,0.33386059048734984
0.4486720157331393,0.30322559242118674
0.4904173326488062,0.3574384546930165
0.4005338088728339,0.33650582593517253
0.45578309145926355,0.45306381258858486
0.49398622154771815,0.39064063223226597
0.4982144031800118,0.4803544519073709
0.480668600876619,0.5270685759581254
0.18636630452338304,0.5972648494207471
0.1383063756903219,0.42920612609643183
0.2505348574949631,0.3373567301965701
0.4171103936392595,0.44086842507129353
0.0626020107760818,0.6349815433488105
0.0911238562335226,0.47501864888526113
0.13474914543098715,0.41799742302834675
0.4161259106954456,0.4241177789579085
0.3819324780806365,0.6392450459045838
0.49824869651386994,0.7245021065990992
0.49155939140436145,0.6421285618750339
0.4212970368746395,0.5604605278922394
0.3030566906210401,0.5748914615515242
0.03733493895922274,0.6211581292983048
0.22813578723227934,0.4673337467784695
0.31269413384462674,0.40099463288141
0.4435975425260041,0.3932300519395444
0.14748171919430897,0.6019747486509762
0.36178255065653286,0.5344175715207488
0.12435471623235428,0.6782402145058143
0.47334828336701135,0.5808261390005126
0.22492621591891548,0.7305940912835541
0.30056155280306995,0.6253957982812188
0.3032956856428553,0.4806300700984576
0.3042250667965513,0.4799982794228642
0.15637460648120194,0.5188443391017271
0.06504657207528358,0.5056073417648682
0.4949070068813414,0.41109352160468937
0.08345860946114808,0.6058901206877385
0.41720292882072285,0.46750261693496054
0.1849913871070143,0.6628491144349723
0.3426981932450243,0.5431680827764972
0.3497266865487834,0.5614194142462475
0.2979919940176481,0.5745394721068158
0.0029020055938167033,0.5614877700823347
0.39611186993728115,0.42107690169666845
0.050460223445772334,0.3768651378764537
0.09878928033717937,0.34823831664332744
0.04236198176511835,0.3060406070776161
0.2677128602305269,0.2921270569334964
0.17840273689377784,0.3298125573154709
0.16409120574768582,0.3618045646728696
0.04467605562738508,0.369396342739997
0.4814135909654462,0.3035852922300726
0.31476666153743027,0.2488856823020936
0.13116372645919677,0.4034757421706785
0.0017338237544900492,0.2983556642075668
0.3011611327210793,0.23842128316087755
0.3846359496471474,0.2282371178224452
0.4590895331562296,0.3580103217589049
0.29653410217016624,0.38646468460141215
0.46417943919528426,0.3506967225548495
0.3066913456912298,0.2921733028634955
0.4374787756323516,0.45452826272443203
0.2901885664240717,0.516985113748948
0.1725183840022141,0.40336818067079205
0.1975336225057922,0.2925979611815369
0.22262609061047184,0.3285324992021649
0.05957068528990028,0.3863310493194778
0.3886614685509774,0.32973910988261557
0.1871544986678153,0.43348337609897025
0.1748406328391232,0.442466110411047
0.2773508791329718,0.39901595652119126
0.09670329834865887,0.4812522524765579
0.08959464448026405,0.38305079441761913
0.06093240125957544,0.3124090610575332
0.03545394144842595,0.2709610088268684
0.29812068136433834,0.24416653526922588
0.12417328712953657,0.24485058504604557
0.08949679771269725,0.2892028630202853
0.0018207642729241025,0.2625083670538606
0.07075745692866536,0.2229361399335611
0.15343082930839996,0.230988317171769
0.2341706129755164,0.2255345417362075
0.152997455556187,0.22942715935995714
0.052995583061144935,0.2118686741655611
0.06261571924994297,0.192146891990605
0.2640488562056533,0.2082567641154615
0.1204793897302116,0.23579279741896633
0.4916574168976093,0.21412991822934022
0.26489694049636364,0.18949568146929363
0.046417586344399964,0.20543485469243902
0.030792279672052725,0.1943264107863416
0.01116660203621117,0.18958048438344252
0.008513858621652992,0.17906277490341388
0.16408834538973865,0.17248182089465924
0.44697706336603205,0.18423812048410765
0.3180671618333145,0.3504803544151648
0.29910459011031176,0.29968861699728655
0.4264735073191611,0.44314193197417495
0.2148439037001753,0.4557526314296959
0.49058960401467794,0.3126230035235435
0.07519226623242192,0.25992256778742895
0.36844921259726887,0.2162358511261219
0.10795963309566048,0.2006452083861327
0.001007231826313848,0.21581144062338148
0.2975407964705028,0.1971272710607121
0.216947421060245,0.33018547232853823
0.4832615636958891,0.3447814890099107
0.055232601427850025,0.5638892242819469
0.3016056222626498,0.3742838666607
0.34612163396882023,0.4906647851447413
0.04010737442077733,0.36458599757682997
0.1859458389312863,0.2916661652640453
0.09664086069260847,0.26681066190987024
0.402928462811269,0.22607805897145689
0.2675151653857892,0.38665419157910763
0.38938543677664245,0.37341467340750545
0.45640031775637596,0.5630480461452603
0.04796037828587385,0.41655189387431735
0.28439579600602577,0.32484500506238395
0.3680573682853636,0.4052732919242934
0.16084623699894124,0.3170574524948935
0.461235565356216,0.29659720888947244
0.33214539485997296,0.3088769476788128
0.2782205176591993,0.4492913018656487
0.23706703323472794,0.43272980045096043
0.4422071031097661,0.45240048672419864
0.32623769613753684,0.6281815439733377
0.4064203804562549,0.4385594605574292
0.03322649838287983,0.49383610073836837
0.4238558382509096,0.3707633596340034
0.382163219822023,0.3911357242907535
0.21773382143921133,0.5650999171124573
0.059543884593203866,0.5060287485392293
0.2115271321483348,0.39628398537722054
0.18613168253562418,0.38673612068975005
0.042698549637433414,0.42899453161312096
0.14199471860998397,0.3483824530263476
0.08110433385480331,0.36643105339094717
0.11887844797354685,0.2919057774594459
0.15674638023902704,0.32228935159615313
0.020651565436954955,0.35105170678983166
0.12794071077720315,0.2816247986359664
0.2202174609875132,0.24772971024095689
0.327153144360888,0.28657135182356075
0.18204929822745058,0.3247639121606599
0.06642812143427135,0.2618590243933084
0.34469333344476316,0.23306682202725953
0.02795719412618497,0.24643311480064295
0.37019615975008124,0.21399859201408575
0.2883872391387706,0.2808722003840166
0.09055041175387796,0.2315056961692369
0.12677169763092194,0.21702259976595611
0.4101931477964004,0.23458614629408253
0.06218787952060423,0.40135292813293755
0.25189055795237925,0.2904759448332132
0.4304094340066737,0.2501658565220246
0.45311728521762773,0.43010370658392394
0.24853255164472032,0.308172555580704
0.459724457024839,0.3745022672497186
0.029552614752636097,0.46774530193387165
0.14332170690337492,0.31930858157695063
0.11440584045498697,0.2756273957134916
0.04141611950100493,0.2992766686564637
0.16515819274131882,0.24477376823458252
0.3389680257246319,0.27573479952708657
0.23755946832905428,0.4463066302223664
0.29111325997284737,0.4721548076637151
0.1595699041990179,0.43241311421953865
0.31016297654073566,0.4177651542190902
0.13792467682364729,0.3153439843946054
0.35660177870092913,0.27941937271723577
0.273516187211802,0.2933448067152148
0.3853665578631078,0.25598655726638886
0.07921606828618877,0.3162088362690887
0.2036474868107277,0.2905507308830225
0.2349218071188235,0.31086237992790355
0.2328559188216487,0.34844068150698027
0.07691380749948651,0.31706907767585574
0.07559866557596706,0.2807634255128615
0.44955702535511466,0.24209608668062846
0.00015797165021580462,0.4486225554459137
0.2925819409786146,0.30427656832502475
0.05850817275931813,0.4077991164159023
0.35370416898487755,0.2958995697796657
0.3762223224171171,0.34484644367624684
0.0967631318824404,0.39293949227132097
0.1597085180122535,0.3181405123098838
0.16984307438051072,0.26719539233795586
0.4260035886244766,0.24354017912809564
0.09642009908905635,0.5000936811168588
0.2311531310594397,0.338151293153079
0.42007903296590887,0.3605957628546166
0.2770992191611368,0.30759478084892267
0.3483329857405741,0.391109454162046
0.4883664255141721,0.4816530088378411
0.048457643541742534,0.4021016506400701
0.13916404381928532,0.30482202355958576
0.031861589869900675,0.2817207455500651
0.20288003432804746,0.2557460207439176
0.4073757907321366,0.25240229172302353
0.1751471008874052,0.35957417921104073
0.355029822006212,0.37931511696862374
0.20267140746905044,0.426150031581899
0.35233501579642423,0.40905409258629444
0.10942973445074888,0.5534781503000928
0.3190363517464227,0.3742978282055104
0.2415442551958431,0.34619617055496604
0.09077385226622792,0.2783747789954103
0.09346533615739067,0.26172562785487163
0.268894169283156,0.28327246197550654
0.16930537749703856,0.30762666015536566
0.22707376825456765,0.33812328024929034
0.4038546825964571,0.33096433556567506
0.4616254957572692,0.47036683501002696
0.2914692454325167,0.400242408635722
0.05299547666013782,0.42742156009013443
0.031158006473029964,0.3210363031460043
0.19527055018376072,0.2554370214007733
0.2405397900935406,0.24738361910611936
0.18836283099509232,0.31306572376419295
0.4671249926936138,0.29515978906611595
0.4785033771678569,0.39782105590325256
0.30982916435648106,0.5780161967260055
0.4060362090790417,0.5950473924465527
0.3348170825039445,0.5700051704416756
0.14058942419369846,0.41162949585912045
0.2785265588419311,0.3120685588865111
0.3295318728208423,0.3372361382649902
0.19132193146914916,0.38848478693361477
0.3658817774281382,0.35215568235406647
0.17702369308060423,0.5366306618811856
0.09715271086690014,0.508229840503268
0.0502324725878428,0.4142462093569973
0.15532048098862494,0.3465353422702029
0.23010398911712437,0.35434427894084497
0.11251553007490345,0.32501638840134395
0.12109793080198994,0.3074838400191564
0.13589264437708443,0.3116073003761085
0.22924742471270781,0.2923834191827294
0.4581100724500004,0.368333114745213
0.3919670535757934,0.4014796566905916
0.3620747438902572,0.35042661004509146
0.43931421719377317,0.2932413867204977
0.02647866241605812,0.3394545739392164
0.4988392733420254,0.26772855164794707
0.1823701220089784,0.3081109808017514
0.04667629162329351,0.2754780824238118
0.429776281440062,0.23634791257328341
0.3397768321376228,0.35571574719487786
0.09387618125583569,0.4970465156200661
0.37116109688121995,0.38694323916814566
0.018424286578474336,0.4817137162374623
0.43613598048848023,0.3395528401505633
0.4775203970660437,0.27840787811506773
0.16672932348921615,0.5885370780430237
0.18407477301357572,0.43245834583368925
0.4340717723075227,0.32635368507231416
0.2616467366074205,0.5417522648957487
0.28977851817743333,0.5104173947712061
0.0984649630884139,0.40579281078509954
0.23647125833344013,0.3636390905566771
0.029138508221520476,0.29323889605934195
0.0218641356596605,0.26685713485351326
0.46473628679784457,0.24918888891879992
0.3510613668178532,0.34055102204752496
0.483942536270629,0.36261463329179655
0.32722061859324747,0.5902489173371462
0.06440550050737276,0.5213147081166881
0.22702498008793526,0.3861464811507229
0.14380435785342682,0.32234877257968264
0.05275937960063687,0.30728547529327954
0.07657461846914188,0.2504144427587225
0.04134992369253332,0.22267235746977238
0.11482225506764127,0.2351822805939568
0.03434506495626466,0.2726320777386564
0.16816844729218056,0.2540345707482863
0.3122791091460913,0.3014594151417218
0.4008125419601482,0.2669331966848504
0.45535364963562225,0.3541973378367498
0.2592119686439722,0.3538421914348229
0.12442589978896768,0.27653437524341407
0.4207259066029579,0.23579965156609392
0.12161076429149575,0.22953238244277913
0.34315629128671776,0.22171184175231518
0.4771480411771288,0.2148623933074336
0.10370650306004686,0.31392270170174086
0.24373595324508168,0.28621426008158213
0.3168444859937349,0.37180818704961593
0.2993740485445243,0.4810961925583602
0.2052562488818736,0.43254226725240086
0.1204516295318453,0.3343374702218643
0.2120909564710478,0.32850411552033054
0.398141031847435,0.29003939611355545
0.32701821587821756,0.43944323284149767
0.1628343964232304,0.5426308333345689
0.4580127790905556,0.39177683249972906
0.14107589762844303,0.461349320620825
0.11283481505462706,0.39941944185206535
0.0654125192118733,0.35239929022534044
0.32327472348429276,0.2958535701481715
0.37214753726352745,0.30390559029879716
0.12277302920840882,0.3673882934921304
0.20731073209616263,0.35415376930668063
0.4636686592700407,0.37714502548069295
0.35928572460738806,0.3989207196951763
0.23873944074027148,0.5403588411901394
0.06360181962274553,0.4166714509588644
0.40421633097111936,0.3150632616350397
0.41630261814398245,0.2928112558562588
0.29223765888005787,0.44333126733736483
0.1318740412555064,0.4805817209280655
0.482587712634723,0.3642505434580452
0.44348261221097185,0.43188931935988184
0.02052888634316047,0.6257059098620444
0.0589784166621955,0.4336019946402596
0.15286601779890524,0.34538542042304543
0.1540729692298251,0.289854712051252
0.3757381961740353,0.3386713016216999
0.12789900911994884,0.5047472000409492
0.16511175950568274,0.4149506887438522
0.13929106225673943,0.34490071599117544
0.3345433917868122,0.37490089641443136
0.35780545109307116,0.5119575987703703
0.3636504828656607,0.37172414584457303
0.3779165172564851,0.3167452443236508
0.17660095604679693,0.3420802141332131
0.329490626578417,0.30861360714604147
0.16874196854679863,0.437375977549616
0.32640759379145745,0.3494862499607232
0.4594637152059184,0.3516124294625348
0.3174579341678667,0.3666960182278558
0.2586104107323479,0.4377246560205994
0.2745011685811531,0.4531524393327613
0.42031309462132044,0.47031045394824156
0.1630900053963229,0.5695117746920965
0.19604597250464734,0.43042361940915486
0.11781137091690869,0.41586898524107285
0.011255619901845204,0.34362121037580357
0.44450943255225245,0.2805585313451467
0.2721746234943475,0.5483092569816986
0.29722178213644646,0.5124287563571309
0.3117202698497058,0.483346139152406
0.02227631313416445,0.48229009859194094
0.04174970427534502,0.3681310915136533
0.4924127006544081,0.3022764390255868
0.17570543045228393,0.398469358784055
0.024241906256464496,0.3329804684204158
0.4235544690700666,0.26777211853678456
0.03330071130292617,0.5159831956383882
0.010956153395039803,0.3770560951588535
0.033257518444332945,0.2941806043821462
0.051099497241961556,0.2600298015885303
0.3027520991713902,0.2265109666583084
0.21065443249645777,0.22477873253425204
0.29645476871203175,0.3589920185965597
0.38757861432866914,0.3442880978424683
0.16594600683100602,0.27251026882063356
0.3567163980543683,0.32999659154082583
0.19215819718064292,0.2696881812049649
0.3002196693579944,0.22395173123685796
0.306229394449218,0.2135707739771009
0.24016181799298963,0.2166352106024627
0.4244560831299134,0.3030939162987252
0.4495677677578198,0.3668376652605605
0.17084608739787943,0.4631495352489381
0.4662962874785426,0.40782791706861654
0.35611454355281114,0.40096413485304505
0.3706372581851602,0.47490545455043776
0.015972725035786672,0.42862715769119775
0.49533746183385174,0.3107815343902486
0.21170863653349348,0.47649403742929786
0.3203712480225655,0.4109235273125833
0.3507583084174655,0.5103329648379537
0.44448416012617,0.5981016233163962
0.24680125829785032,0.527375856642438
0.20421183963635664,0.5507178676054847
0.2421763793004073,0.5034215458401334
0.36722736857194094,0.506277634731201
0.40641914463829365,0.3827719353265151
0.33799550939649253,0.6082323982058917
0.0020059450777540344,0.5441328805995688
0.2571227393598892,0.40410824036526916
0.4673901112459435,0.46027872459218466
0.4113378219361142,0.6667403707792408
0.04052221897603031,0.6241210582105743
0.027346886951832516,0.4635058183019074
0.12640296789707156,0.36865361507384853
0.03224468500088562,0.37291871140001165
0.15606786306443993,0.32281340108679807
0.2443188472648008,0.35401766992107875
0.00276728392616582,0.28803332549085336
0.15440109497714904,0.2497672515055205
0.08453643841925063,0.33526557926569334
0.46298747454713995,0.3205607163958063
0.4602134857400832,0.28360837192636257
0.14875983639163848,0.25159469540379276
0.014870658215482835,0.24327529650208507
0.020619380455740466,0.2104589722709329
0.44459344738572687,0.19805399524426626
0.22712752219878407,0.34943031444189776
0.22140231150276218,0.2534699694567575
0.38370074478890454,0.2614793569161745
0.019719523716831666,0.26249265868154326
0.31932174186455575,0.2270184888819713
0.13342016237950705,0.41738116547108317
0.1445418339812849,0.310803221178397
0.20279568683197308,0.23894979282583473
0.41683190793214736,0.21056834618844017
0.1178181505511589,0.46989047222812474
0.11558045980934906,0.35162519026130823
0.217569508960458,0.2966806825799604
0.4495228461163522,0.3594242397004027
0.4627865861926182,0.2776403196562132
0.33541510658008367,0.44882574362328964
0.36893714070711614,0.3776661320971161
0.418575201562405,0.3563995267297446
0.2813729094692149,0.39461593343802737
0.33222586465448756,0.4642254438015089
0.03995873204582595,0.38611404245473646
0.20036303332061933,0.29444815190064294
0.362793938802373,0.3075494899737965
0.47486763677211813,0.4932788928744176
0.22518294230183233,0.6713690515572942
0.45712309884527247,0.5555079758567538
0.3198932465644902,0.6390937672383926
0.41279523221978764,0.6383737342536764
0.012701975824771228,0.6203687325608158
0.3855163216206107,0.4497141946517106
0.27713906484968176,0.37170503024596413
0.2545470447182213,0.38849999923493517
0.12666519501704404,0.4548285143893711
0.348991047426509,0.44680939391417085
0.30846908093764897,0.46890380457252845
0.4696234322377422,0.5702021738793541
0.25094013030149775,0.640337963831432
0.11403077855382682,0.6091588480538744
0.31381511081804553,0.43783525132010936
0.4413988645178711,0.5187340878300728
0.03983815310812944,0.5663853284007965
0.1929794758937961,0.4296028949786981
0.3727262095949744,0.3760145939806825
0.4916376376238502,0.5031281444198014
0.05483534073771562,0.6072293883330351
0.49882309021959176,0.48045645157805483
0.14973918707872969,0.5560701904635316
0.32536020836589,0.4338035178239531
0.29316920163615195,0.48977818973656884
0.3748505843960649,0.5625347320016783
0.1359369363046296,0.4319348652676813
0.12639209348701158,0.37411809967753307
0.49903736088167056,0.3729701065358525
0.41960013813362035,0.6696464050836101
0.27777124479886217,0.5021004321989418
0.2384330188211165,0.5808153341541199
0.2184087718699541,0.4722408984822394
0.40682489204110966,0.46372609872949844
0.4257534333348154,0.5320941167163629
0.3129602416454845,0.6310364881290367
0.4311950071397651,0.5118524528595734
0.006325183787195654,0.46609886368790954
0.4896469148794548,0.36581027284118794
0.47446681955003994,0.6129538768465855
0.35946107957566653,0.6390662097401966
0.30393637703772514,0.5888568564277914
0.327103002442161,0.5317988256980702
0.33515639800905805,0.6012279885596475
0.44423040019700766,0.6591697735841252
0.27348220432370385,0.691117585082167
0.26536453568803414,0.6800826063968727
0.1437661647054802,0.5049968236105757
0.08800040770379841,0.5054358931984559
0.0848296217603749,0.4662631043728038
0.3474697603413623,0.4224203125013174
0.2061058602246646,0.5045018130860701
0.19252796060444194,0.49290576361590477
0.47417267294264676,0.48090434728106635
0.058359155092737314,0.6902658574974403
0.14458925491401853,0.5187341880330522
0.32467474819563097,0.4497695049889411
0.2995851159336652,0.41820312174689434
0.18955127866385596,0.36849916326080223
0.4166345984768738,0.3233386002740005
0.39775925954401464,0.48964563578504405
0.2870810873322666,0.4858313510993172
0.3288668895230635,0.44326609470601186
0.1632392938351488,0.5703578207816801
0.34477509473266793,0.42108270424938077
0.28907258011170195,0.3956072625027085
0.4799321490354559,0.4458172076582322
0.15229351263732882,0.5466408631137315
0.17754077373840593,0.43001664756399116
0.22657727744225875,0.4378227164312407
0.23120048789260844,0.4686776029026569
0.4527305989961445,0.44901640374528873
0.09461641593391823,0.5614973111386398
0.03059940870770711,0.4243137466378747
0.46346892086178126,0.3402972910288648
0.17053702343343308,0.479615328464571
0.14815356099402105,0.47657490037095596
0.20122826298891738,0.386773805449369
0.4423883520341334,0.35576771485584957
0.052378910019031166,0.43500251384431754
0.24421673525653903,0.3438777701541324
0.042647877923623456,0.4421309964483775
0.04769311192192449,0.33255320800402366
0.348160086114956,0.2687468039696622
0.24162456026902424,0.4745522539603013
0.14588226343540944,0.3989805138032744
0.0018369654738041308,0.3302132665703751
0.43940752070053746,0.2618405208123552
0.31219223227155796,0.517838274101419
0.15504141259277426,0.37841770674111974
0.15097991105570435,0.34125813557594786
0.24500080877339098,0.2759626206956461
0.43524975650290043,0.24971838472332947
0.3642743722225964,0.44589026261472053
0.41984668019985105,0.4477185531012814
0.1635947391481148,0.4078480848452777
0.17732602265059433,0.2973742253529486
0.3733720652780319,0.3599720782129634
0.0695984283005005,0.44982818487950826
0.13259165388513805,0.3333177582260254
0.1394925699537406,0.2901686693292779
0.2811937418907149,0.2899323769793759
0.4645928626716834,0.42234254232174906
0.2849504425592092,0.5596324901555405
0.19373800301572375,0.555299876887901
0.1918084860898066,0.4242398284684846
0.08566170786428084,0.36275934386072184
0.20182556391453943,0.33021663428544407
0.28836574697269945,0.2864712944704514
0.07266385138406078,0.2985021983860765
0.24939030463788348,0.26176219185126515
0.202274153463413,0.33333824854888117
0.3852392701525819,0.4048745197739497
0.10280305818917146,0.4633957648970002
0.3791969372481527,0.35510555427020973
0.4320901179234484,0.3781418470644651
0.13316475764310975,0.3346568907499601
0.08405998490960959,0.2983803111457225
0.0872225335957929,0.2768170243573904
0.24119333292003559,0.23967974129668085
0.4948770252203857,0.30223108396026577
0.022697133943574532,0.3919976787845414
0.3472455430703336,0.2982421409054051
0.42974538163884707,0.29280577484756853
0.08872957897833772,0.4786602157915457
0.15377438026838458,0.37988502858083373
0.3658018709481022,0.3072363305224397
0.2307019563295145,0.2884655481130337
0.49861944940289554,0.2636857660174112
0.41243072177026,0.40225644767086965
0.05952127112829758,0.5953242004467939
0.4547914616349748,0.3907157914226168
0.13693331696055594,0.5263304297767035
0.20281512247579497,0.4494707861731648
0.03667065748275017,0.35357246039483614
0.4419110062891054,0.28448354944063226
0.47722766347508105,0.4827501230805753
0.03366534623741446,0.5074155126732005
0.09338013882226331,0.3853820980622795
0.11883664118727694,0.35773827399346325
0.32371407204477926,0.29543871850691594
0.052750346786620605,0.46904482535284087
0.19095726369017146,0.3479752307276827
0.31353284539534876,0.33092015470326813
0.4238935492461461,0.2796406320810957
0.2740711391072062,0.5171808586652424
0.11990269023540479,0.5540963077451202
0.12768051191633728,0.3843450814978673
0.2805264484075548,0.3085532606008657
0.23437026464717836,0.3018895455219555
0.18334606633123257,0.36156454438372276
0.38455581901325264,0.2926720865217523
0.11155318497492339,0.35178687167640665
0.3762724315362989,0.32277482734981955
0.2920158941908266,0.4953835029047834
0.48124819862985757,0.4650229505079123
0.27086158659512555,0.41530128874195327
0.29497067373903746,0.35328208312007425
0.12473726232207832,0.39490125193781334
0.4796358584961285,0.3364568297993912
0.30425731112318105,0.396590277356238
0.4712898851493927,0.47031443352183855
0.010621799635005813,0.4140607133348745
0.25974653051696717,0.31435221166415767
0.4351025087177757,0.37182620821592705
0.06845679209812666,0.5987393552855625
0.3742956203620543,0.4291537411384403
0.1324552640685948,0.4818959039355929
0.21210111322742897,0.3707498397057848
0.3729493083540784,0.44138535391329403
0.4563452725796399,0.4972810274887052
0.22267626674429264,0.680937862931689
0.4599934529198153,0.4644579147093022
0.10576980583316148,0.5265644951332694
0.4487190953263217,0.4550343488689741
0.3846937504523784,0.39512165063879545
0.07665722964233557,0.5282151182961012
0.11018266598374082,0.4015664809989724
0.4108889779230854,0.35112395072648206
0.41171529391487294,0.5184443401679509
0.2285296883615111,0.6622724044573244
0.43224994013132567,0.5400435542993981
0.47951765578903066,0.6910286213263529
0.48025551860905796,0.5585418621242457
0.1783278289942189,0.7332793500152858
0.4687993101556838,0.6201250553681872
0.26264099337669283,0.5137217085643556
0.24045184939521053,0.4411132416641783
0.3770742957088705,0.5046991249083336
0.04270600888003406,0.630221166005416
0.194200778225271,0.4894648771372534
0.4948440512875708,0.5127961150037749
0.3045544086241288,0.7557869898031159
0.449211707700191,0.7637891866044276
0.25312480869882603,0.6770971821449504
0.48815818398524957,0.6811683455673654
0.35899364312835097,0.6999899419451382
0.49377249633767867,0.654939330745246
0.39139019042133266,0.7843617871667435
0.006710068509530154,0.6211657977859295
0.37922743824050864,0.49454881377780835
0.02119462347252865,0.6941820622328029
0.1757624565937383,0.5548970613982555
0.14065994973117119,0.568742215441735
0.4397742294346009,0.5069111398279581
0.03790208156517616,0.7327785881642159
0.2757975344135397,0.571527341133642
0.2298780814177312,0.6524478588533936
0.3797048778560858,0.6323497630285756
0.2047270924640161,0.48416594349492736
0.19818807510781483,0.5043555998463478
0.06947354995197258,0.406451817119428
0.38549950272292294,0.35435558184956717
0.4306649085896474,0.38356876262250605
0.29727953626230746,0.5994459941446746
0.3475895031672615,0.4562310799509559
0.45889146473939435,0.4957478188054758
0.377776674711003,0.5301295053968553
0.283420963486288,0.6026759546169164
0.4681961382651663,0.512997073620685
0.13463976069187,0.5173836033255156
0.03013988022663122,0.3949439492888902
0.38240393457981103,0.3316356794542856
0.14883155652078844,0.5265257555745896
0.019004483622243384,0.4551061227507134
0.3365664586168005,0.3561978852032013
0.4305876469770064,0.5226528239091535
0.07894410696832949,0.6249313371446016
0.39742720540749465,0.47243220795992835
0.12163254769521314,0.6322118073938087
0.1210686362596387,0.4670346709958326
0.13116278845786356,0.3572909321232761
0.4109770974092905,0.36720851079637085
0.027937663204282537,0.38970415975816985
0.0031459330974401567,0.30821197765257136
0.26401389093215594,0.26336678432059474
0.3314066411597296,0.4075388450090387
0.35603459386126113,0.34892123649369733
0.2448818140947685,0.48695023768518075
0.4685127191698045,0.3888459400817865
0.29639287967623834,0.3753275951768249
0.052102532791769574,0.34022296647519423
0.09109806630265394,0.29672436635601607
0.33560233562117425,0.24633155588385727
0.2687953389642807,0.21812857066380503
0.42070205508257674,0.3086675087414774
0.06655449316168821,0.4544814468528141
0.3840715716744805,0.35061784037626353
0.49328066218078925,0.4070308633727261
0.19861742457852366,0.6376896869019608
0.25623229385223745,0.4955172834369356
0.29889072143997125,0.36172429209808843
0.451532640883839,0.31766990433002257
0.1229325010785679,0.4829273591412152
0.23307467281448985,0.3918611617305201
0.0997669911616697,0.44709209840869124
0.388669323814142,0.3412543344053933
0.11565735156330603,0.49852460343329486
0.15314484531156308,0.4443437660310168
0.4853203086549614,0.3770979499367607
0.02962566673043404,0.47806039313808735
0.305576266641829,0.35567216147023306
0.4619721156507452,0.48719453039219174
0.4218900010147088,0.43619039426156625
0.3233792899143679,0.47120440976826505
0.11600682173020072,0.39192725939404505
0.2267109203060323,0.3691118535461059
0.17798932536519185,0.32959592273986166
0.03129990161700247,0.3079989238964601
0.08375932158412203,0.27684760709813616
0.015003495600116934,0.2408143530143361
0.29789444326227793,0.22326935675354725
0.3358945370381613,0.41286261764954246
0.46257419555005636,0.5078461779401551
0.30166973902873406,0.5664066181895904
0.3396874535310679,0.4251244041623313
0.2575490304106757,0.4208487732537146
0.3008897940891041,0.3731175250482427
0.19195562453557424,0.29611734813053514
0.04796400475288437,0.2683744477270835
0.08117280234050928,0.23170777367705467
0.3253855012460795,0.24894711572247427
0.40678505854030683,0.3853213761662666
0.12161324347268226,0.5695920294184662
0.010447422946895324,0.43371932838150207
0.23981373319677524,0.3146551050518016
0.3103838430159663,0.3427739483597113
0.27063066789944784,0.402293215459954
0.23249073666966774,0.36888218431658604
0.34281817103813456,0.29316804475950703
0.34307594163530397,0.28233088460143546
0.20074807161990488,0.40355515365193606
0.21866815161348763,0.4201591655362066
0.3873699984176741,0.3464213638395318
0.05711916489571556,0.27249062984303485
0.44516352468369275,0.24925420648917643
0.27404695860691936,0.42417413159651984
0.30480638753394135,0.4119405095486317
0.13700768892527465,0.4013997678202361
0.13947902581937355,0.3612161973848482
0.4047367623679413,0.3446729327195549
0.010130077607143073,0.3879262675388184
0.4247480220054755,0.2899085343194453
0.14087868827535827,0.4843549290219834
0.06842387646988246,0.3452227427957872
0.28046899615550924,0.31312396335258375
0.25926734064944834,0.3681586922325629
0.24800467565167267,0.3972423523501635
0.36256816194661307,0.34349582362402364
0.2776550283160896,0.34134063182265506
0.19668844625823356,0.43267293131310225
0.029520432447684264,0.3129096438564903
0.4010138262583968,0.26944955187448183
0.2642163590600565,0.3141846302870731
0.28459289368546486,0.2753786615926228
0.19388513903413707,0.34871599621276883
0.26907564754137625,0.33936052297762365
0.3930269987426144,0.35916904383725556
0.1985091205751633,0.48142089018461287
0.3701158054351799,0.41073916182150616
0.21140180860191332,0.40520100331555564
0.49149613885834353,0.3021663663060604
0.018340575148927896,0.539261558984927
0.14254243756481488,0.37084902642298545
0.45808128195977793,0.34316409097657996
0.07508545073883516,0.40308977237383914
0.09258385378606515,0.33093177297946197
0.020512607979033703,0.31915418097918236
0.01868514863398285,0.2641846216222655
0.46159750803538824,0.23835432935002812
0.15324852144923612,0.3597870632992458
0.49543685016962974,0.38335771940091146
0.2760706890891041,0.29672411307001867
0.3238091071222039,0.2971467744954702
0.41976243916378736,0.45971714845093004
0.1410155180814764,0.36225110261716764
0.13005681478022862,0.28824066838413903
0.15878461610522893,0.23758565864946132
0.40522760269166325,0.21358949176745962
0.13068446103711712,0.4781538102897158
0.2792331649294447,0.3542125410215451
0.46255620378871326,0.4734795142142859
0.4283478245586377,0.5155291859629638
0.05037655597229862,0.5575680902464695
0.3186351364218125,0.4088397420073613
0.21004543048404373,0.36955875360905555
0.046764580894111285,0.32384842698518645
0.30194199317165205,0.27196728658890534
0.014754663674629132,0.4190642998136237
0.18002204026261853,0.3160330550859527
0.1983732282044739,0.33357832447611374
0.11816284043002578,0.4042516289167316
0.4950555422285647,0.376435828042461
0.23206460402877155,0.32150746891463683
0.32393777386902933,0.3643567081083797
0.359435220372992,0.37514287323387197
0.10524214311519015,0.30352215076316547
0.24670350624945125,0.29162395943163055
0.40506948788113417,0.24406185583863307
0.41193943764236896,0.32324327982700707
0.06858721668669104,0.37349446195216474
0.10019972181262726,0.2872815248359896
0.11333292554307978,0.3074276129434621
0.24220169363670202,0.28073937451557646
0.0006421248269588009,0.34613822629984814
0.24507369962337056,0.25840460524368014
0.18341991496537524,0.2551761047909872
0.4457581962513376,0.28229125131629407
0.3379263861812061,0.49728646363321183
0.2514872568974268,0.5378450961731748
0.19004836490854754,0.3793618886582275
0.3976973910546028,0.3074703489799224
0.06078853442339738,0.31292096738553854
0.2380908774455357,0.2700592331256802
0.13485146753645277,0.22779118623213745
0.12200412751732154,0.25582154645199345
0.29494645505231093,0.2528568752479879
0.02059919984905112,0.41509034348862317
0.33618773132269486,0.306706693372232
0.27987589256768575,0.36891644383008715
0.03852188908776627,0.3475864956034682
0.3405302634080002,0.2805274870906955
0.27436932019094856,0.2578247639938277
0.31104614663489255,0.3137915752267732
0.29937254666491514,0.3045460129443283
0.3727242330164118,0.2934113227788581
0.07351880698158564,0.3990079671417447
0.0605920663137523,0.2875591542558947
0.034262943976690774,0.26225580129929305
0.31734167635979665,0.23391273896159015
0.2847769552643389,0.22336867207204553
0.06403801752270522,0.34437270044235
0.41236583758692924,0.279946198540182
0.28262992973354434,0.4175635620934456
0.09939199329742543,0.41578029542420036
0.00804206303666255,0.34593742399529503
0.22412744352514447,0.2601859370906491
0.24229883787143097,0.23837632035042164
0.12343841481672063,0.2199807855583053
0.248739927523413,0.25752327447595985
0.10182387874178889,0.32217765367976814
0.13831748257403575,0.2564014386435298
0.24697091533642945,0.3011146056672317
0.4567269239987426,0.3407312035379926
0.05492630089838446,0.3207095647099447
0.40808185095551336,0.24278724098921647
0.14771882250034396,0.34353417918631346
0.3170436185683229,0.3055875618195165
0.07308079589505401,0.2948506669321721
0.27595819415464906,0.2597349833114224
0.2964981505711234,0.2588687852442193
0.122656625570709,0.27702771351634625
0.1986090378887791,0.2693388325230367
0.28922418773289105,0.3560982923786118
0.023307873354739383,0.2828008757116293
0.11520826005093476,0.23998116535302477
0.2818827283969791,0.2321731494967899
0.13794127323494842,0.33593662183843387
0.36872133482654507,0.26304780532732075
0.46354913262438274,0.3680398433193748
0.3957252614701533,0.4696328485756255
0.13483152435639784,0.3863513556475541
0.2526862665162305,0.317955457586777
0.352864544897212,0.3567109418197163
0.4983257379338629,0.27736250241976723
0.03600883005254513,0.3143580732028203
0.46816557052008934,0.2617409180965503
0.47228464530563985,0.3192477832316055
0.4361303153833279,0.51021222132264
0.36039060003775425,0.6476845198318841
0.4390094928570303,0.6332726596463577
0.2908567973422972,0.5062131200273704
0.4617386456904487,0.46701376226296476
0.3882643349881011,0.5847644942384734
0.18193645769520062,0.697863967906231
0.23640304181393718,0.4916413188326959
0.21151037084208368,0.5393577341064567
0.10952408919328177,0.5571999794645978
0.12164807342821604,0.4958074858412478
0.13252782079121955,0.453845686899777
0.4596928725700462,0.44657574120482146
0.08123622898674815,0.5515390871119225
0.23621372042096012,0.467487590909362
0.28035133394852474,0.5013752342573673
0.16121418408077764,0.45734685499269256
0.03499871869368576,0.4078431374428052
0.22248595658610687,0.33293748949862734
0.4712529685766274,0.31420610764585133
0.09950138530462271,0.3498327393803622
0.20704663000032836,0.29964637489251533
0.35198368148520165,0.39451955578230247
0.27399943421154577,0.3416641748850849
0.1079153425037192,0.36564125500593136
0.028784416535827417,0.323905894366712
0.057793877098126056,0.26223377830512984
0.4817061502826763,0.22618469443880307
0.35852228210077525,0.36492606370292024
0.3078490366906127,0.5220782474873686
0.4996802558915894,0.3926455983488115
0.25858802403222425,0.44156365172090417
0.04161229743268241,0.4492594487293404
0.3647404174882265,0.334771131189167
0.43901832774112043,0.32112458491730134
0.2983961061419783,0.27371639555390337
0.4830691635541446,0.25709473395804716
0.35957810649667465,0.5722377086147694
0.1985574193673718,0.5774745027434925
0.35276997188026354,0.48452490414881755
0.2482267172412701,0.6092002635065005
0.4725010722137536,0.5106594851892428
0.1887288785734565,0.394781997912788
0.16362515710720782,0.40727073370935585
0.22554243017846393,0.41969709131521693
0.1486918604595977,0.42143216065723843
0.357322641675992,0.4322474629397216
0.0911547695949867,0.5267798619861191
0.32607867201155943,0.4111906885793085
0.3754283125735635,0.49084285500427793
0.018886950874188513,0.5005252490060943
0.4213047093487128,0.37654800736025595
0.49460583889090953,0.41472174272072027
0.26393525236980564,0.43707628483978467
0.19549363343509207,0.41725137562261017
0.015811466778003824,0.3611701801930227
0.3761082441238992,0.29571170147254977
0.31844146451818856,0.30270950521388795
0.4769320615616914,0.4072274708591689
0.20169206453246835,0.5722714890739602
0.09999541016442975,0.39428801541075187
0.10583705742577793,0.3599223334871037
0.2884341027055903,0.3578050545911958
0.11594925479830526,0.3914025986488816
0.06254939131566717,0.32695779058449326
0.10490400232175673,0.2611936496427774
0.21214493914795246,0.28546335422989033
0.31446044473366674,0.339201588163227
0.14764905867766115,0.4894048097259758
0.16464666288033847,0.3839372910866803
0.34295885925186126,0.3087856668073185
0.3163581196452058,0.30118272821046344
0.200103080484211,0.37911128671599736
0.41883579589546904,0.3142482226398986
0.4059851597426306,0.2868283565852011
0.3596004447278032,0.29796723671980996
0.4562117953842656,0.35426909073447266
0.3906722085303173,0.4826704300010709
0.019229878744785378,0.4181668920726226
0.2505666969086785,0.30394649799129525
0.19258734584411885,0.3724729120706066
0.26476915949446345,0.36851680996883773
0.4200529880950729,0.3559580303849431
0.16520241803028407,0.5339595820328765
0.06474265106809451,0.46157082221243284
0.13843241084016095,0.3645421348187011
0.10409951136313583,0.37729578341626313
0.05946252401906954,0.35038868200007967
0.20366039432776784,0.2752770333566594
0.19866164440423345,0.31093502910160997
0.4550225789331479,0.3092955935041616
0.3939995556138327,0.43084197118683243
0.2049474090799281,0.5587187318458402
0.3741551666235552,0.4293869283236208
0.05647749192968221,0.3482006320454382
0.48413199212904334,0.28156028599171945
0.46116265954796387,0.3117580116711489
0.04804461861992665,0.2908758734197125
0.49578656255780484,0.2535245968834801
0.39728754414761985,0.3684829878368553
0.35093253051012213,0.547714298711734
0.3456034518449076,0.5763577593816591
0.41584219991792926,0.493461586969844
0.030611835323936354,0.577680388476702
0.481779441043775,0.3928666354411623
0.08353649520317352,0.6481525995098973
0.44728095636627485,0.49679802618471613
0.18588148523373654,0.3966776362533416
0.18675944036390613,0.45148458856545115
0.07525388503265273,0.4584763087547046
0.37778198101967536,0.392684908094159
0.11776654127381214,0.5095558365222781
0.15723159595592495,0.44907308408792623
0.4730567415263011,0.3491230427400187
0.3373047403531434,0.62593676942052
0.028125807113757673,0.4795820445392671
0.4631198604412535,0.3732739080693235
0.1295745178919332,0.4248331600142109
0.2761002224801495,0.3596341912722232
0.4240377417234801,0.318574914066353
0.40711383584421845,0.5040744208347318
0.13002014943340606,0.4338755243393765
0.14202593807917957,0.3545008855159618
0.3728248088681673,0.38198986592740836
0.46963956880166363,0.4845230317010043
0.48334005133819463,0.3648576666600878
0.4714598141427164,0.6181979086564473
0.2861404506715558,0.5083075489846844
0.42812679937699083,0.4810088030059778
0.44684297020949815,0.6236378305010349
0.027255342533988758,0.7082343500322298
0.14699351048265413,0.49339735212962355
0.3407157519241615,0.40314410287586944
0.08907256796362795,0.5136267330896206
0.20704422565939307,0.4503516319365385
0.35912847037016427,0.5015126327444019
0.41004336457749463,0.6373621800038843
0.43299617682192604,0.6367605679602952
0.3597351846307533,0.7425806401528557
0.08458807664132367,0.7759212476403995
0.30788976234113696,0.5636916917864522
0.2086408324517967,0.4981634879584035
0.4921103239295816,0.4986322179846371
0.33402023758378513,0.46040710755852476
0.4759164356694864,0.47457874932502964
0.1633485651004285,0.6361276432034585
0.30870431593627484,0.5797364671339731
0.12644386765114807,0.644476715700632
0.3574369610874294,0.5508654699390981
0.15904441456348445,0.4671294265297673
0.4360726960222343,0.4391042637495134
0.46328466899445675,0.48345291276463076
0.1710113029095512,0.7135486054863552
0.28009084064553963,0.5941680004079342
0.436804019198263,0.6440677419840771
0.4184271080916214,0.5855029794831126
0.34935307718493464,0.6363347139348973
0.1506417859608588,0.5403822169904237
0.3254540315592534,0.49566316269651645
0.026382050428922055,0.46511109391429595
0.18332430417785656,0.38695921228189334
0.045542449382181216,0.4507729031533696
0.4671699353475765,0.3711588023807676
0.39462951714753014,0.5035694633078451
0.03867136905030366,0.6375290934437995
0.34990957491574415,0.4772391848134402
0.13825594881094522,0.5450026781724582
0.2186779542013783,0.4275419584672475
0.0730447418329942,0.4367837114535563
0.2792794494357646,0.3366063206973424
0.4416512429590427,0.35474774640987716
0.13028234745981543,0.3171397649738503
0.22831208422705812,0.35632472446837005
0.3337809617186109,0.420302992741293
0.07793279107155382,0.33601141273112567
0.23914848018869372,0.30903922376831394
0.014945408628509571,0.3016351304157374
0.47555336883164234,0.2496288883132337
0.19595721726998455,0.26965799795686807
0.29978535862495653,0.3068218127056922
0.09053359965230312,0.44006581218556484
0.3706922454226349,0.3224688300314119
0.4057055782021943,0.37709106987703445
0.3617292355275032,0.4790895253661682
0.2953188148618582,0.36725454971777005
0.3635402636441815,0.3789650111920142
0.29036675739150003,0.288019539810209
0.16274634404148747,0.44363510320105326
0.29683581174967105,0.3624026348439191
0.26751563145322826,0.4104383796543516
0.46584708970252553,0.3388683818392039
0.24065585337000794,0.5245361214976775
0.47813945371260125,0.5079422661311288
0.14266871287481947,0.6159756181092889
0.0584731743572639,0.4785182099350832
0.41893319819185076,0.3795024856323068
0.07998544779748296,0.47885588788251854
0.45116557835030524,0.3718992252330068
0.4970687714112279,0.49555267009931037
0.4667915398801708,0.5621551811143005
0.37666268319963797,0.7284456098406923
0.39988390932244644,0.6418365504766781
0.44517855657777355,0.7481763301716358
0.4977643494560826,0.625505299981542
0.3461949498726684,0.503651086660045
0.2545950940009113,0.6080442146717437
0.35820986251961895,0.4882011717472078
0.47421794999507444,0.6298089672373512
0.23624118210732975,0.8324518594006979
0.3296899583383708,0.7802128067498281
0.1941570234952773,0.7772738013185638
0.18459123190230703,0.7075094277034903
0.2809387193323459,0.6725621111576694
0.33953694601643325,0.7343241742574266
0.2333178481246942,0.743864620488202
0.0247424522912153,0.6716567641662309
0.20465151000354442,0.5511430201771897
0.4043401915146793,0.6065950613724821
0.40042412389632037,0.6399228932644
0.34651393781136436,0.7102961126047842
0.3531902566021777,0.6560446620112929
0.22855254081431625,0.614182621828741
0.05384520203631715,0.5832671200016644
0.3290472911577419,0.49229506308254256
0.09626622469435908,0.5171639105565464
0.2062214011592008,0.41497185177382445
0.11987324276690609,0.4078457522003338
0.30534512084496723,0.4101232977438861
0.061290525766907133,0.5181172150916531
0.4980302738304832,0.42522296815731975
0.027655070173898122,0.5985559625300932
0.3214661307843389,0.4381404251026264
0.4037883540136508,0.3626848908421526
0.4224868524919491,0.49125137496836047
0.17523083598600103,0.4209789562999453
0.31718052526101775,0.3749636288052428
0.15398722392801284,0.35291102090143234
0.39818219978816866,0.3539181964021658
0.09479550492269873,0.3195252955310798
0.1402656704683885,0.33278635910434445
0.28492420787963435,0.27297244988993685
0.2779656011411688,0.37005664443525854
0.0773062494023326,0.4469491486963566
0.10496855550287332,0.36657315299830906
0.2751542046199205,0.30375895627732397
0.15484256833318372,0.37511101003487557
0.4339326133433257,0.31384140734208643
0.2901091154551873,0.5075526193711556
0.4342770082080209,0.385108440167896
0.19896520083584057,0.3776618610729269
0.19325062262909537,0.36857084439820864
0.1947312298962794,0.36145507253782894
0.36615135584039427,0.2998128612145461
0.49170440086762807,0.30245287890646544
0.08048898734811694,0.4480484978944529
0.14057544459889865,0.3368856868693547
0.07643195160460864,0.3549133796166615
0.00825282603116645,0.3061469170398984
0.35704947394599473,0.2514242696132848
0.14307522139093515,0.32482271552573083
0.08344633419549563,0.29340230600931516
0.07784698228255382,0.2605037593126839
0.13378875335435003,0.26230622526036307
0.4236518443203936,0.3185626139743518
0.13050710133311982,0.2970031154756997
0.4587847992298438,0.26125921276616915
0.2055489798157143,0.2692554652381756
0.1012242489227938,0.22161855022830068
0.2677330930418514,0.251283775615569
0.039027792044137866,0.2675214739418337
0.212854817803396,0.22129326650651004
0.21535298153884092,0.22034992366479605
0.47639233286908006,0.23786300039692057
0.31474917183069157,0.5046135823928163
0.1419296813853596,0.3824359550606088
0.05363901896963047,0.3666615474158166
0.397041498677384,0.2804889826365405
0.2958633007890999,0.28586208275841485
0.12950081077382414,0.34771914783887203
0.028631229084241483,0.26605087632833957
0.09457202177417634,0.2303720254895618
0.2918846125793605,0.23562703579946534
0.019089957082751075,0.4162317776178134
0.18614061559051615,0.30289489569518613
0.3693649644770342,0.2776627361028461
0.34237996330185716,0.2547996697480694
0.12169293556795319,0.41726524928582553
0.29916725777786807,0.342495552546517
0.05833882803025392,0.31379699434288677
0.47391638517318274,0.2446115253786469
0.4237362434456797,0.2777413668332547
0.31359550004893383,0.41166113655508085
0.46506670122584637,0.2995616220224519
0.06109296195386543,0.36678867098270185
0.32454598882964086,0.30268827678481375
0.45149520873671595,0.4063890458534617
0.3838412623113504,0.3730730755142133
0.44257996442977693,0.44645198423476273
0.26455418328202457,0.34951642414457335
0.3503722185250437,0.4537091198011646
0.3796643449567526,0.5424652976638442
0.052017564250592785,0.5485305404778504
0.2636334062007181,0.41299846045396615
0.4554631006839126,0.33484234811329505
0.28882911936485955,0.49200654395581545
0.38839993956848406,0.5504664129380549
0.10595252142914235,0.6127325018082506
0.47280063872912903,0.4994900052388819
0.3137143424999636,0.5572657071241535
0.26614559793089393,0.5714969022532834
0.011370293706074008,0.5693868400745195
0.19976520612728021,0.41829803332395854
0.30157874149264546,0.40945813430078615
0.09953139805031708,0.5315551288002803
0.3599286671403295,0.44111530598397264
0.1591842605992569,0.5558646495106088
0.30721761411994225,0.43565662720102083
0.269845417015669,0.5572633538860898
0.12444569411077361,0.5347960296383608
0.4225139627278245,0.4444844073363141
0.4719924042405343,0.34940301531496665
0.3496989311648067,0.4279759198983416
0.15715351130042154,0.48689383048934176
0.23470033661281126,0.38553336857661225
0.2148208847336331,0.4314117509634271
0.23802933106900653,0.3801426223034221
0.3654314831520163,0.40800226528353434
0.3148129208007514,0.4601966889584397
0.3979337003227469,0.3959703680867982
0.33563838240483734,0.5535500309872904
0.008846843859768305,0.6221273993750489
0.2385493052634427,0.4328689244433186
0.19627181503322766,0.38471660061317026
0.17188536795938414,0.3701989617328293
0.3193964234607674,0.3486156339854681
0.43270446222468245,0.39455854002670265
0.40945505593278025,0.5417802422383252
0.08871720097137076,0.5779113998367141
0.10819608277168263,0.4598927043582208
0.17479957885627811,0.4001978781267719
0.37356491629384225,0.3130812137783594
0.06874028911532382,0.39371480849167473
0.3141814460030052,0.32073040219347254
0.37150971375831665,0.3433053071434051
0.016555787151835255,0.45125086249658963
0.157102919397814,0.3408028862138289
0.278290201553655,0.3693223983603523
0.19807846852633315,0.3211447825104148
0.040704618834043194,0.2881180524597775
0.2455453055956151,0.24812907393848108
0.3462309816259204,0.3540823022940959
0.13225129095680932,0.30266047017781955
0.308641745597845,0.30366193006159253
0.4161919861568237,0.4135391939600874
0.3530037524028177,0.3045483054019169
0.23147000101389792,0.32397970474593285
0.1273869433727866,0.346127201085071
0.39965450052999185,0.29717111117041073
0.2717653469371057,0.2608331910284426
0.34349047430772783,0.3194889620848524
0.41004751830322783,0.42577229994970245
0.22073595706543114,0.37928087967207735
0.44643922490928567,0.3799690832813386
0.12105115548472489,0.5582555210381731
0.21859576097814964,0.4319322524810596
0.03718251415148999,0.3858773071706385
0.08030927367085733,0.2958896852756948
0.09006557979607038,0.2921604115536024
0.44234295510955224,0.27884320126263096
0.15980141656085128,0.4638116686121607
0.18412742676098875,0.4276856962733675
0.14405325774474548,0.3725351363451169
0.10928381786621333,0.3806285359980507
0.394870748956714,0.3080189037838298
0.34832346038756745,0.3779004120352075
0.14195162479390472,0.30050492678390817
0.3140036856862973,0.2598095156830973
0.04059455208275686,0.26533594815971606
0.08627320391581056,0.2521082857512987
0.12498028331735889,0.23927588151926277
0.42721431976332613,0.24439157777005982
0.1517167512000327,0.3022948530509949
0.12972288948917865,0.2598489940508737
0.47896394609430104,0.2912925084111362
0.1524376887635801,0.4783148667537791
0.22327285896920646,0.345145113548626
0.24506161598242587,0.3594049535121707
0.06469773021978664,0.2773267994430114
0.3887939387450742,0.2338546308131217
0.4923863345738561,0.27848617946955745
0.47787708318504596,0.5418302412587013
0.1743234839863177,0.4625407812135889
0.023437953744218254,0.354276089543314
0.06019586623853729,0.2872894927200408
0.1432777431582306,0.25192843420136385
0.35651701810018804,0.2662916816354864
0.07602398470543364,0.3550547292434376
0.101823904154346,0.27263594558133086
0.45317309707954817,0.28621558259796454
0.39072555660222746,0.5686038687082353
0.04582675156261323,0.6543347884311422
0.09245354588505678,0.4312712859520075
0.10520369532937812,0.3130186209694331
0.44052240658526415,0.2611042454233956
0.035672918451811364,0.32079492960694533
0.1501310399622161,0.27513292107230525
0.07912888456952633,0.25108485532510644
0.3445003689351388,0.23303586648151736
0.1556144384343452,0.44597170956202836
0.17018544192766405,0.40871208330401554
0.39656106686652326,0.3077671823805538
0.14719065316896407,0.2973051245390401
0.468899620196385,0.25870836904309924
0.23152260340427455,0.5270311243240746
0.09848721467274596,0.3581312317540062
0.2965544294340329,0.28983597767738384
0.2258831956507571,0.2710970862750581
0.36011753213085423,0.3441083077200878
0.34346570994146514,0.34765981738919466
0.055143099749014046,0.35125943316794195
0.44265147685814027,0.2970661915038646
0.2650005859391135,0.33649386828101646
0.4250487325020847,0.44422704537027424
0.28893147968204325,0.4601065936688451
0.014516018020871102,0.36123438462801827
0.17659807371877967,0.27809930419587003
0.41608146675368535,0.2918127256576951
0.019882015187396684,0.4635444661533361
0.20792603546174043,0.3334747007490395
0.21281259017617155,0.277555153168384
0.26927626299955104,0.37374667929502126
0.024262095920411342,0.38681521524281937
0.47416733996152965,0.30250593534257963
0.458081181658449,0.44963017385712
0.1728567851284009,0.32396268563907143
0.009147538546370848,0.29936615581388804
0.13640384065495903,0.2479442377571847
0.13128522313595625,0.2213275663594383
0.05311946713086679,0.24293780186144467
0.45249446786697756,0.22780672471350893
0.4535123637648551,0.3861482124655897
0.2792017371641125,0.2919790746307843
0.1628063919392861,0.4298797929058572
0.4005903335266617,0.40791411842107084
0.3260073541978579,0.3890451826834117
0.12905827962652083,0.28235149104443935
0.22488553379773646,0.2552618885857464
0.3092652351574888,0.2608726454140978
0.23641050431261657,0.24430685791000806
0.24076235586483768,0.3725443528338237
0.17032597173311836,0.4373943816293282
0.42049252766833944,0.37628612196715583
0.43820190095658107,0.3805936917864098
0.44860941291962114,0.542313242586657
0.02467896687671084,0.5780846666746756
0.4363334619126987,0.38601599782736784
0.45127880151662425,0.43698539636616196
0.32771685299952336,0.5281763861558127
0.2131574679505957,0.4877675549673912
0.10375080821008215,0.43369645127408774
0.04933432258181336,0.35609120899739266
0.27373604268423957,0.31817197393119534
0.15684410785563502,0.44613887516116424
0.2520479814598621,0.44006536862633017
0.37562520055442455,0.338410719310399
0.09429313317256438,0.5179543350531999
0.4740060000879046,0.43066478203929315
0.3308210139984394,0.5547403591796254
0.27100314818146076,0.49212415200711424
0.4145300549024136,0.39630953828413285
0.05168392441998204,0.3345903989989314
0.34304252246909894,0.29301992220418127
0.4401010228733943,0.33079137206634246
0.3145648419995854,0.43391370968154896
0.373520190006999,0.4968527175920472
0.4066968426423293,0.40823676127633
0.2292797314274027,0.5967788950280001
0.36208546090127164,0.5222316789151177
0.10895211301325186,0.516265383248003
0.34175247651456425,0.4343708968686234
0.43225731551798524,0.35165194176964243
0.006394935420815873,0.5050036397061733
0.43677669040969247,0.3717750039166817
0.40583377313577346,0.5038219205186184
0.1835501579283757,0.597101446067167
0.3022486764917885,0.5346247635156977
0.41333239306567304,0.49621859228008003
0.2803410376383395,0.5932708949115449
0.23856779799522038,0.46927001385859046
0.40719023353838396,0.4770424908780124
0.4397428360713962,0.6239993628163046
0.41400367230100993,0.45278823223099895
0.3168937993647346,0.6229890118827276
0.30247248336543175,0.6471136596626766
0.1703379016220231,0.5558351818251775
0.1667787119746006,0.49608569004954073
0.48788782186822577,0.4870299634614018
0.026053579422738837,0.5833886712271736
0.3173393358266464,0.44230821965103406
0.47546711979687367,0.545689355303814
0.1971348600003323,0.7262292398352551
0.18993933963199716,0.6421626256437326
0.13738836963440487,0.5675189264976873
0.02655235022841912,0.49414450124561404
0.47012802366961703,0.3919153791413029
0.2873270481926189,0.44054174744458385
0.005258881289698092,0.5596421356154867
0.06765232296388363,0.41902079434367334
0.4319510955633788,0.36746596279171084
0.4561223409378265,0.6130096578591023
0.21575264675371203,0.578825441835218
0.14569551314512402,0.4819726735007498
0.16395314844293218,0.3930391703808932
0.251291788045833,0.31758374296546954
0.3671534912790442,0.44494108664056664
0.06682507037882002,0.4944153656857587
0.35876760352360415,0.3642956594989001
0.240856098197963,0.32719920388327206
0.3019818069857363,0.4259184266487107
0.4835249806080326,0.5289659560344709
0.02440602543866288,0.5304118570033582
0.35201384178690626,0.3787277522725431
0.43550324989484446,0.3798259365879856
0.2332623833480335,0.4577222951109148
0.04353424557634439,0.4649336784702952
0.265324580583868,0.34502311418340587
0.32438932802518783,0.4187987495509511
0.16675916523334217,0.4319886951885459
0.21237260065396518,0.399357529429911
0.14212305067102704,0.4604142767575068
0.00839121203952875,0.34156135072661853
0.24893116981163338,0.2765495338301768
0.075156525584892,0.4005608296726836
0.06976981674174376,0.3265153146711956
0.4489669769577374,0.2656212216619679
0.020873729228584825,0.4070628865058199
0.4092325960000636,0.30816097024217715
0.01587124748375318,0.3505563442369114
0.1348099619401485,0.2722075066195081
0.33219555413447854,0.25680228744304706
0.07110862503598409,0.22238221933771557
0.11084648021856697,0.22758463224351402
0.4763480464011181,0.21533553915981435
0.008714578653650606,0.2451620482395991
0.28581471188016067,0.2133831290805757
0.0267296596205292,0.20196953658477748
0.15311707047834877,0.20238180096663694
0.29941419050344753,0.18872416996388705
0.41741904121796264,0.2383563652591936
0.39276598964855935,0.40586722215372384
0.22879296741592675,0.31156934273357995
0.019087386257456374,0.2696845898903968
0.25726424890949184,0.22815228430349868
0.09373767710640801,0.20038754068178738
0.09844308278708214,0.224956109509414
0.22326767236501688,0.1992389838461084
0.33209836222782035,0.23565005757456228
0.4152076443762088,0.34933419530873766
0.24206565512410932,0.5112909074799779
0.1545810430220848,0.4710608672784753
0.3329593466519338,0.36505917850749336
0.3908576475266172,0.2748101465448282
0.12105618225777887,0.37531872436072344
0.17562683063118767,0.2898012652793285
0.374540883656273,0.260641039189088
0.027385014552914255,0.34705209216700117
0.25879725139532794,0.2781447899777123
0.3668007656837656,0.393613767472779
0.3748882862995151,0.421465868871962
0.12384882078960197,0.3866368556025557
0.2110248111906856,0.3434301123352359
0.11292704369471651,0.3846337056569249
0.3641647878450302,0.30283634888866606
0.1843628878810205,0.33839375375724623
0.3458042432460985,0.3635840787319631
0.15647653460539018,0.2879941783201292
0.1713098697419977,0.2975513419026329
0.05880003555997659,0.33589140886256147
0.32758555776627307,0.2919824066825747
0.4127545416862195,0.29710925687671025
0.03300152768487902,0.36796725701928645
0.24924364104770674,0.27610513918839885
0.30606576115171014,0.3625967165188281
0.004284902152088932,0.35178289036309074
0.2829204987779837,0.264615520351524
0.3226380012770411,0.28725019327334544
0.17752752632156726,0.3140772879477738
0.35123830796926536,0.25933852993384376
0.010830957503356442,0.3902375529993082
0.3400579367053564,0.2856507879498236
0.07601309180316224,0.2476563074225637
0.31869536271247756,0.24035078793071266
0.4176790331391849,0.35451320399145647
0.07097054234840128,0.2621352695162908
0.25380416862409794,0.24684507947585943
0.054419816308519386,0.33252893666947325
0.06565308764854022,0.2630211215957722
0.3975941676728757,0.2514011496657022
0.2418466093954048,0.2180104547057159
0.27125888464430226,0.31822037016512394
0.20437825555846767,0.26990653755467836
0.07588328677744571,0.3158792755126093
0.18807664172617722,0.28704186216207417
0.2874964055925264,0.24581780528956076
0.029491453393821032,0.3169806541036506
0.08674207666144124,0.242176958280784
0.2176247972221676,0.21423387626019214
0.4713734705202475,0.32276348129799304
0.4602729743989859,0.41222577937509475
0.3330013378820555,0.47165276307048365
0.49070127896641536,0.416658203167256
0.3631498134956407,0.3484632650951157
0.25798540782114165,0.3641023599425218
0.045383435529544935,0.3815650630686257
0.005005564530493001,0.283075947661972
0.07358168449899549,0.23450258654844858
0.44193037124252077,0.23481339879016563
0.48821453215341964,0.5236534436755224
0.40918888506245915,0.6902730355866176
0.15477692154439004,0.6477587098333756
0.17121959559939887,0.5418473573372801
0.24880718998842566,0.47096581156771555
0.2424706232217555,0.4405389396576317
0.1597541329010279,0.34666566817755434
0.16259043093062026,0.2817099477603506
0.42354370118604423,0.26461398239501777
0.48285458501189527,0.5189313155497308
0.01827673841820593,0.7319326648076666
0.37153334260750487,0.5114108310439285
0.2560367912621208,0.46130352025175103
0.4749949177874364,0.4095548399158023
0.28314023322999426,0.49101226955601307
0.13054915738149975,0.4597220949537618
0.04927936556850199,0.37210578667580974
0.0017341849070212634,0.30741680898551593
0.41799305680834425,0.26292602612877936
0.2427780333657542,0.5411269198327496
0.24648397587416299,0.3920599698479046
0.11830769128432322,0.4374854594271451
0.34931131956336947,0.367126176350667
0.08315759719765059,0.5331888382423358
0.3037390575439343,0.406289001228786
0.196120128608691,0.3642377414268927
0.04815371946171254,0.29632381499909344
0.21981940048606502,0.24692675725314892
0.48465894424268224,0.3594073913400624
0.07750321924572989,0.45519726513939174
0.3979975369242931,0.35302720175937274
0.10649232520933483,0.3439516598569388
0.03354090738314536,0.3230565795139374
0.2540973871728009,0.2605691018772804
0.19399975220354354,0.3383535096379303
0.3708588031490679,0.31509975439195614
0.18224774470916127,0.2731813219202332
0.3278611872596772,0.2866951344442299
0.17209265054771322,0.4717869261688775
0.07344291098704336,0.3422399096107349
0.2420076002619192,0.30312293477829555
0.08498956049182521,0.2789743959713765
0.32027571018280854,0.23250763144985773
0.44245655422655344,0.32789222343426283
0.47151612186531466,0.37909087941959463
0.3447235954602829,0.5368814111540277
0.04968330040008451,0.4474409268511732
0.25663464160172356,0.33935386343522517
0.2335222014309642,0.3301432912235036
0.24379434486193335,0.2828351983582254
0.20442693163484832,0.32225632483793865
0.3137445273986791,0.2787684529065208
0.34940996976615607,0.382823930764957
0.2965361793484242,0.5161797081641943
0.09460573001367617,0.5630675515224345
0.20542625565727196,0.43044599707823095
0.2362999928664024,0.32823627881005646
0.05263833388824529,0.35137503052316177
0.05680390206410019,0.2903684467811453
0.07614003513538203,0.2622744311620564
0.470006436849518,0.25088899331136105
0.4356867503407765,0.4423024175006802
0.3539102590699221,0.5454753751466621
0.2782121909233681,0.5296297586503762
0.30760774402862484,0.4041383937720259
0.24682419853826337,0.39352384615213476
0.32396077806032164,0.3802783572349845
0.3958195497691122,0.3128710738457934
0.05180007762515676,0.2872167974576556
0.13991490342977464,0.24677581559148007
0.4901498187010513,0.3194763800429066
0.48374636606989957,0.5778564951432772
0.26138868673657645,0.6456527722375308
0.07265999065981349,0.5350536295982012
0.44230274112278734,0.4038043195428356
0.3796435198670246,0.46772837783392407
0.2774996367672548,0.5224813121008273
0.37651980698362425,0.5343317359153914
0.49944950681736505,0.41085854680180434
0.2324190071181758,0.42389081964702835
0.2524806384282887,0.5006530684024298
0.1769739145717239,0.559122580098935
0.3840604738584351,0.47700589133656035
0.26674250183626974,0.40027502448455976
0.1874251271555769,0.4911215833124567
0.2955517752598587,0.47163004376301654
0.29410319923386186,0.4774999949760973
0.14387776949418513,0.5226735612823858
0.2873948674066231,0.48832752856469175
0.14124352905125054,0.46418879215837183
0.1409820699079311,0.40537228309619366
0.4156336966814366,0.35545910968410876
0.3627728374690867,0.5270105538610536
0.06491215127612293,0.5245597626423314
0.17532183123742884,0.3996189967930114
0.013937161510334695,0.3902492062380003
0.49472963664905806,0.31210167966498625
0.43967097256323023,0.3689008742862723
0.15660636138725553,0.4783383429200194
0.029782197904199614,0.3777490545482798
0.32180603317842676,0.2978048139729321
0.029965405459195904,0.450005950171118
0.09322318338597152,0.3441515982087837
0.33658789151686885,0.28018020757002654
0.026302291227036645,0.32439161097950087
0.1269955807530726,0.2566450577292906
0.02064933430109278,0.31602425049036564
0.20608405829803084,0.2636381111045586
0.08166429145818438,0.2721750870773152
0.020288952811853833,0.2286142164048309
0.27769890971156536,0.21305448364968216
0.452929098741463,0.2078119971278912
0.34006248425166963,0.2538029353962279
0.35376973002720946,0.3810339651367355
0.40456375821711016,0.2800347379027427
0.4813093960890174,0.2985014657325786
0.3370214094418267,0.24497548351008488
0.39607255502769906,0.31005613451522507
0.38425261512275466,0.2832378053252714
0.30417474556476104,0.23491847706554228
0.22914662668849595,0.3289802730086845
0.05067606402991437,0.40081622111698934
0.25622421200233625,0.3065446593828043
0.09774987987075434,0.3749707520662715
0.423279231674998,0.32923775957533685
0.10519593240473651,0.5555970652307624
0.031481364709907866,0.41345866331167447
0.14619238664918316,0.3158780269786362
0.08973136260689912,0.334993514301388
0.30266532457279793,0.301660783094702
0.17266160994643948,0.3497665087322043
0.4126751790980962,0.28246284148357226
0.09759881441068136,0.39368784796333145
0.21578522041376152,0.30429852959677545
0.2234232822668779,0.38278094609080027
0.012726521437053495,0.319651603594001
0.34936043107926334,0.25081547802956294
0.3422353573197227,0.29243729142292263
0.1615722503316237,0.28076860401551507
0.12276030093431706,0.301922058936545
0.41328644350754806,0.270053030095327
0.38131287619375537,0.47841851445042494
0.29653764703583896,0.3776861398650314
0.20758757258657795,0.3708292918800057
0.10924399975275034,0.34247573235666756
0.2963890034400733,0.2610807917106637
0.3242973422340181,0.3757628106691544
0.04782017420912932,0.44217508636371294
0.18067541245034074,0.32164869855426315
0.2887816047851215,0.28672908486348514
0.13127773214425326,0.41560566431489676
0.4587602989605271,0.3760822913317827
0.3358474900608595,0.4840163472520067
0.19497810470859234,0.4387535773067277
0.024862875357295477,0.34571826619036294
0.005556909020726308,0.27954931953731543
0.30884194595258185,0.23920764409193615
0.25714419390075915,0.23732564624010044
0.04458716164631765,0.28152484780626025
0.0349458057024547,0.2514126034639713
0.4010068998596902,0.22440669712245556
0.13377395559546246,0.4787048635453943
0.011730363497973628,0.38904665801915583
0.4284071639683301,0.28172402351616366
0.29435523195008073,0.24287439253884271
0.2129059326542876,0.2106028131205233
0.4030964204240672,0.291684488667182
0.23359477888745983,0.38512450498282014
0.4113312567855985,0.289643538920751
0.33329001687777976,0.25255599620911307
0.4761755375330222,0.4147131184542705
0.3082233807918645,0.3870783300069124
0.33486157794083,0.2824158512028476
0.48747126008505853,0.4428152607340827
0.23773338555101708,0.5189187069571911
0.032190461670510706,0.4217743476456911
0.3797857747183383,0.32374437763511843
0.4038433775835122,0.39039404550751855
0.154076987629789,0.5389807367290547
0.2869395888295101,0.4458017579856359
0.3179065489193981,0.5315656413830561
0.2591727414622612,0.5202968197054724
0.02038845062019573,0.5011694801338649
0.001526845154048273,0.3814166029608289
0.3374668619951066,0.3022006233312047
0.2051403838865804,0.2727946183148743
0.35849641403762067,0.35610344707863484
0.49833202789985914,0.49950245585438335
0.3980288295658831,0.47366057621375646
0.24965705529176452,0.514883737590556
0.19758660208078732,0.48559627816860984
0.1303570987471222,0.4270808000876598
0.028289599819118827,0.3221055591931188
0.12110879088257076,0.2616868065526217
0.10910212162766786,0.29104458536928546
0.4849558133128844,0.2777038328454743
0.06913276777878852,0.4983758548891577
0.3698179666008707,0.40215135457379003
0.4513738034553478,0.5209538666074642
0.27290649418469576,0.5295511402693955
0.09549852211363136,0.44608983282375425
0.3274577117060507,0.3411995603892999
0.2830541133923066,0.28263336645966375
0.21205976263543425,0.2906370909786289
0.3169357534890508,0.2782839258480093
0.029845506696910717,0.4678491967773285
0.07199408234208104,0.33836988629403575
0.43577080368090987,0.3073915640779308
0.14781448433377037,0.5457106392354558
0.10954388996265352,0.42866376363624914
0.2508252255272723,0.32416887204810635
0.25457627869068045,0.3788825890321944
0.3885568269917052,0.39075878443544687
0.14300138004642393,0.4141048054330577
0.21389168246306028,0.37243072796426113
0.47173381886784943,0.29520119382247223
0.4778924583897217,0.295527928325442
0.005264617682598949,0.5564892138488463
0.010492987223930994,0.3794658252581887
0.14479363103355752,0.28833964537179957
0.21393423491564312,0.2942548141405112
0.48434112976607524,0.3238992131073831
0.47591153383260487,0.5379322972216483
0.32682524869407104,0.4645316465659045
0.4492147814593215,0.4326658070056961
0.3766558072484214,0.6313486697695764
0.3728213028982512,0.6921299109512048
0.15163628754137565,0.4698095758018751
0.3494252230195978,0.34937443586952965
0.14114069899784287,0.35903889583691306
0.04786817576553454,0.33477475396217155
0.06350206205860764,0.3121321719188963
0.35974409789884093,0.3105083046553787
0.48195391942271065,0.4371462591995633
0.4200858413265012,0.6505138658748385
0.19404889434806188,0.680382886377976
0.3616852003131291,0.5689787680663907
0.22406055382665147,0.4802029584648909
0.3964157781193254,0.4691382739118548
0.1888653722825317,0.4326349665688277
0.28897080259228175,0.3445104448422174
0.14020890000723824,0.311599858316417
0.34753966579590045,0.34214081709113364
0.15773971082597144,0.5345875743079529
0.29391973995430604,0.4884662844602329
0.24239146355764057,0.4457250440492152
0.1713778608889709,0.4636819485069108
0.4312988398527374,0.3966888948991506
0.42777331970096216,0.5593504864142055
0.05657964292892248,0.5097950387809829
0.10290305331440491,0.38953018578777765
0.22579693043048732,0.3250071456465229
0.28156088010479985,0.3876071380606423
0.2274253857356064,0.37012226752914323
0.19073563659816323,0.3915459300858867
0.4393201389150504,0.36980203280441526
0.39826606359880545,0.40085194491879994
0.23965345405087862,0.5600938030814032
0.03782193481090235,0.5412079360351381
0.28825841889640147,0.3804589390263824
0.434282056701142,0.3369344628844933
0.041418436886234034,0.4166285484081327
0.4490947535362722,0.3290411331777918
0.1629936120933161,0.41931458788960907
0.08272618396601883,0.3593487958028654
0.36585189760580117,0.3362318936459814
0.4067605825551932,0.4880223507299488
0.4773018897685533,0.49431542197750244
0.08917983646425526,0.3767451837779616
0.22425754776135232,0.3257468808500975
0.4746480383981699,0.4070434401938289
0.0705401587445807,0.3320425046364903
0.20453453736632204,0.31134614068075245
0.024903945103026237,0.3033471560335751
0.06300140296840062,0.2507322516417953
0.34279726834135227,0.25524585663365573
0.18505903025010523,0.4309654414932934
0.07304817767909322,0.4369334210308832
0.36061084193588505,0.3157889841834506
0.45416565355004945,0.36923893709978606
0.2265567363381472,0.5971297290858628
0.4813568733786954,0.4106770072625622
0.23642647962881114,0.4464776781447076
0.49920180069768244,0.32797514846680564
0.12174510435751995,0.3085584893739045
0.21676311700380574,0.3153217145359844
0.3944171472875992,0.31718645533694756
0.4468237572880453,0.29935677400028404
0.10791708501072628,0.48699768812825794
0.352665100742165,0.4140689010068581
0.0281772016688131,0.42530378560025817
0.20346434663376367,0.327721436632104
0.30203946871684206,0.33059294415950363
0.10834404990204177,0.4840770673108068
0.2963671420099718,0.35478523272990603
0.2701736115566258,0.36941600404927455
0.41849622491865573,0.44103108846191286
0.4343685306001214,0.599536911905461
0.382698470954699,0.47708265894371793
0.445488338121225,0.5463220882193466
0.18872485804778988,0.40171092694206556
0.1523354289603152,0.36512758559125136
0.38459837724874946,0.3583298249253011
0.024266863683427398,0.3487886921335055
0.14298925843793753,0.2897536142951781
0.35321167799134506,0.3056802068071591
0.10716093574391611,0.4766050647727189
0.2623092478558498,0.41214936486429454
0.058053696382619535,0.4562724973172191
0.24757749418550246,0.3660339497712707
0.33758913676306423,0.3490849099857185
0.014211335422508742,0.3469320370664134
0.10795908887810346,0.2766275733751973
0.11884445978747293,0.2370972594638956
0.3671866879891032,0.23830390122557932
0.07791198625940049,0.4073167198152833
0.010053688508256498,0.3073518895208398
0.019756230136329933,0.2483676625623236
0.40232878852175086,0.21638413800219142
0.16572768310457803,0.346713867648793
0.08540439248201742,0.3394954303377985
0.48714720873045153,0.25399244082599903
0.32357262878971105,0.29155456629972065
0.2713200509870849,0.2872283393277443
0.34941937485443353,0.3777814699786075
0.24575043678905828,0.3122766906465091
0.36313116685886765,0.2439361827992228
0.009476182925085341,0.21952901474122932
0.4953309158885221,0.20328729848252466
0.18967125428020487,0.3133518900225149
0.29246682466365825,0.26283779707989696
0.17158023173134407,0.4289104545272254
0.4610235158945075,0.3750158499610222
0.10202474238426196,0.4568374434002268
0.1983886669225406,0.3634769166978482
0.40750676705767486,0.339957234823075
0.17085629978007338,0.47846930589116854
0.1740166181291246,0.3283061395833021
0.4382036772451925,0.386067290220498
0.31052185202876187,0.41255605441925836
0.035576589997530716,0.4390475289337452
0.3677422407514741,0.3288698849385172
0.3404991767547876,0.517238798256494
0.35528985246567235,0.4120428847157699
0.2767526253334897,0.4118739355873353
0.46586264096673446,0.4762257147336765
0.3689952003877912,0.46204696147831226
0.08932751679723067,0.43136659222145934
0.0796882986538916,0.3803804322354749
0.45566318541096124,0.3324741474029346
0.2605144762438391,0.2937380389512748
0.12401840869315767,0.3912516630977323
0.29835021702814335,0.3610933434137439
0.28575779879365815,0.43869016840824204
0.3092655992736993,0.4375138837773015
0.43659921490094084,0.5349744616518664
0.06735315500932737,0.6108410911691259
0.12792238464308386,0.4209300864783633
